DATE,FILE_NAME
2020-12-10T04:09:02Z,long.webm
2020-12-11T11:22:24Z,question.txt
2020-12-10T00:42:45Z,seek.csv
2020-12-06T12:04:01Z,Mr.png
2020-12-11T18:41:44Z,lawyer.doc
2020-12-04T04:14:14Z,population.mov
2020-12-09T11:17:46Z,prove.mp3
2020-12-09T19:12:42Z,discuss.webm
2020-12-10T00:28:18Z,standard.webm
2020-12-11T02:45:43Z,reach.mov
2020-12-11T07:32:42Z,hand.tiff
2020-12-12T17:21:24Z,set.docx
2020-12-05T06:41:43Z,authority.pdf
2020-12-11T15:58:54Z,better.html
2020-12-04T23:57:44Z,enjoy.jpg
2020-12-12T00:12:56Z,join.jpeg
2020-12-07T06:28:32Z,role.json
2020-12-09T03:15:59Z,author.doc
2020-12-06T09:54:27Z,scientist.flac
2020-12-09T14:20:16Z,it.mp4
2020-12-03T09:38:22Z,staff.html
2020-12-05T10:32:16Z,modern.js
2020-12-07T01:01:24Z,admit.bmp
2020-12-05T18:42:34Z,compare.gif
2020-12-11T06:31:58Z,poor.xlsx
2020-12-07T02:07:52Z,miss.ods
2020-12-04T04:10:04Z,leg.flac
2020-12-03T07:16:53Z,somebody.txt
2020-12-10T08:57:32Z,particular.csv
2020-12-06T10:45:37Z,year.mp3
2020-12-10T23:58:42Z,ball.xls
2020-12-08T00:34:21Z,national.gif
2020-12-07T12:16:54Z,force.flac
2020-12-08T18:32:39Z,before.mp4
2020-12-06T00:48:12Z,within.mp3
2020-12-11T21:19:34Z,in.gif
2020-12-07T07:59:25Z,area.flac
2020-12-04T17:38:56Z,against.csv
2020-12-07T21:57:13Z,vote.jpeg
2020-12-09T19:01:52Z,short.bmp
2020-12-10T05:10:23Z,member.tiff
2020-12-07T03:26:22Z,analysis.avi
2020-12-10T22:53:27Z,author.numbers
2020-12-10T12:03:07Z,investment.json
2020-12-12T09:33:32Z,if.wav
2020-12-08T01:55:11Z,let.jpeg
2020-12-05T06:55:47Z,magazine.png
2020-12-04T00:43:26Z,down.gif
2020-12-04T03:43:47Z,product.csv
2020-12-05T13:25:45Z,pretty.odt
2020-12-11T13:52:42Z,after.wav
2020-12-07T12:35:40Z,western.gif
2020-12-11T20:43:42Z,with.mp3
